date,day,oc3,al4,pet2,can,gbl,sachet,enmix,date_type,status_process,electric_consume
2022-01-01,Saturday,0,0,0,0,0,0,0,weekend,0,50752
2022-01-02,Sunday,441240,0,0,0,0,0,0,weekend,1,56624
2022-01-03,Monday,204816,1289657,645326,0,0,0,179835,workday,1,81504
2022-01-04,Tuesday,0,1305874,968366,0,0,0,179835,workday,1,93808
2022-01-05,Wednesday,903072,1207543,969703,0,0,0,209808,workday,1,114544
2022-01-06,Thursday,309528,0,623966,0,0,0,209808,workday,1,99168
2022-01-07,Friday,703272,690926,969703,0,0,0,134877,workday,1,82896
2022-01-08,Saturday,120144,0,0,0,0,0,0,weekend,1,96608
2022-01-09,Sunday,963504,0,0,0,0,0,0,weekend,1,80336
2022-01-10,Monday,941424,0,0,0,0,0,169833,workday,1,73680
2022-01-11,Tuesday,915216,0,0,0,0,0,179835,workday,1,85536
2022-01-12,Wednesday,705432,0,0,618914,48658,52000,179835,workday,1,93536
2022-01-13,Thursday,0,0,0,621607,49063,0,179835,workday,1,77472
2022-01-14,Friday,0,0,0,0,48919,0,135086,workday,1,72096
2022-01-15,Saturday,0,0,0,0,0,0,0,weekend,0,53472
2022-01-16,Sunday,0,0,0,0,0,0,0,weekend,0,40080
2022-01-17,Monday,0,0,0,413379,0,0,179835,workday,1,61808
2022-01-18,Tuesday,0,0,0,414148,0,0,179835,workday,1,74688
2022-01-19,Wednesday,0,304560,0,620973,62940,52681,179835,workday,1,67440
2022-01-20,Thursday,0,1341977,0,414080,63475,0,0,workday,1,71952
2022-01-21,Friday,0,1262709,0,620566,0,0,0,workday,1,97440
2022-01-22,Saturday,0,1286983,0,203657,0,0,0,weekend,1,80512
2022-01-23,Sunday,0,596503,0,0,0,0,0,weekend,1,76832
2022-01-24,Monday,777816,0,644023,0,0,0,179931,workday,1,71584
2022-01-25,Tuesday,699696,0,974091,0,62809,0,179835,workday,1,98992
2022-01-26,Wednesday,885360,0,971966,0,63064,0,179835,workday,1,80768
2022-01-27,Thursday,912120,0,976560,0,62932,0,132696,workday,1,105424
2022-01-28,Friday,907176,0,971794,0,0,0,0,workday,1,90784
2022-01-29,Saturday,948456,0,0,0,0,0,121754,weekend,1,103872
2022-01-30,Sunday,543816,0,0,0,0,0,0,weekend,1,77808
2022-01-31,Monday,0,0,647897,0,0,0,179959,workday,1,67680
2022-02-01,Tuesday,0,0,975634,0,0,0,0,workday,1,72096
2022-02-02,Wednesday,440328,1315166,973989,0,0,23276,209808,workday,1,103888
2022-02-03,Thursday,927504,942343,972823,0,0,0,209808,workday,1,128560
2022-02-04,Friday,947400,1330526,968949,0,0,60571,134877,workday,1,128752
2022-02-05,Saturday,930528,1358229,0,0,0,0,0,weekend,1,136944
2022-02-06,Sunday,62088,898971,0,0,0,0,0,weekend,1,87456
2022-02-07,Monday,0,803211,0,410867,49056,0,176928,workday,1,84544
2022-02-08,Tuesday,0,126823,534720,619027,48706,0,190210,workday,1,97056
2022-02-09,Wednesday,0,0,0,198204,48830,56571,179835,workday,1,60720
2022-02-10,Thursday,118392,334903,0,619163,0,14857,0,workday,1,71696
2022-02-11,Friday,829056,0,0,506246,0,22781,134877,workday,1,97536
2022-02-12,Saturday,904368,0,0,204540,0,0,0,weekend,1,100432
2022-02-13,Sunday,899232,705600,0,0,0,0,0,weekend,1,81264
2022-02-14,Monday,697128,0,0,620973,0,0,179835,workday,1,93040
2022-02-15,Tuesday,773616,0,0,620883,63319,0,179835,workday,1,100464
2022-02-16,Wednesday,902760,0,0,621041,63269,50267,179835,workday,1,120928
2022-02-17,Thursday,416304,0,0,413628,63245,0,179835,workday,1,92752
2022-02-18,Friday,0,0,0,462392,0,60571,134877,workday,1,64032
2022-02-19,Saturday,875184,1296926,0,0,0,0,0,weekend,1,57024
2022-02-20,Sunday,826368,204274,0,0,0,0,0,weekend,1,106464
2022-02-21,Monday,277488,1338754,967783,0,0,0,179835,workday,1,105072
2022-02-22,Tuesday,853608,449177,969909,0,63623,0,179835,workday,1,122104
2022-02-23,Wednesday,920928,1180731,973337,0,63253,60571,179835,workday,1,119128
2022-02-24,Thursday,644808,1038171,972514,0,63195,0,179835,workday,1,134480
2022-02-25,Friday,596952,646697,0,0,0,60571,134877,workday,1,114976
2022-02-26,Saturday,0,0,965040,0,0,0,0,weekend,1,76240
2022-02-27,Sunday,0,0,0,0,0,0,0,weekend,0,64464
2022-02-28,Monday,541200,462206,0,0,0,0,0,workday,1,61904
2022-03-01,Tuesday,1142136,1240183,968640,0,0,0,179835,workday,1,91472
2022-03-02,Wednesday,25248,1017154,969977,0,0,45143,179835,workday,1,135984
2022-03-03,Thursday,921576,569623,314914,0,0,0,163900,workday,1,102816
2022-03-04,Friday,880992,1164377,972480,0,0,0,179835,workday,1,116336
2022-03-05,Saturday,941424,695143,0,0,0,0,0,weekend,1,107840
2022-03-06,Sunday,535176,0,0,0,0,0,0,weekend,1,78080
2022-03-07,Monday,0,0,647383,0,63475,0,188434,workday,1,62960
2022-03-08,Tuesday,0,827074,972377,0,63360,0,211469,workday,1,92144
2022-03-09,Wednesday,955872,986777,973543,0,63253,48533,184004,workday,1,103504
2022-03-10,Thursday,956136,1231303,848229,0,127395,13371,177375,workday,1,131984
2022-03-11,Friday,900696,1027611,0,0,127600,10400,133031,workday,1,126512
2022-03-12,Saturday,908856,0,0,0,63302,0,0,weekend,1,124336
2022-03-13,Sunday,905280,755383,0,0,0,0,0,weekend,1,97312
2022-03-14,Monday,936024,1176309,0,226399,0,0,178580,workday,1,104080
2022-03-15,Tuesday,423072,120789,0,622263,63418,0,173769,workday,1,114176
2022-03-16,Wednesday,0,0,0,622354,63409,57143,154782,workday,1,63072
2022-03-17,Thursday,0,1162491,0,619208,63500,0,177375,workday,1,77440
2022-03-18,Friday,509136,1278377,0,511134,0,53367,0,workday,1,116208
2022-03-19,Saturday,293808,471840,0,0,0,0,0,weekend,1,98720
2022-03-20,Sunday,939624,679097,0,0,0,0,0,weekend,1,95216
2022-03-21,Monday,880056,861463,0,0,0,0,177375,workday,1,104880
2022-03-22,Tuesday,897888,1198251,0,0,63360,0,177375,workday,1,109712
2022-03-23,Wednesday,0,509657,970971,0,63467,0,177375,workday,1,99536
2022-03-24,Thursday,0,0,974091,0,63212,0,108396,workday,1,113584
2022-03-25,Friday,0,0,972274,0,0,0,0,workday,1,76512
2022-03-26,Saturday,941760,1299394,973406,0,0,0,0,weekend,1,59696
2022-03-27,Sunday,917664,1259554,0,0,0,0,0,weekend,1,121728
2022-03-28,Monday,0,512571,0,620159,0,0,199747,workday,1,106816
2022-03-29,Tuesday,463896,875349,0,620272,63418,0,177375,workday,1,109408
2022-03-30,Wednesday,930936,885189,0,619027,63525,52743,177375,workday,1,109984
2022-03-31,Thursday,659424,706697,0,621086,63516,0,0,workday,1,141072
2022-04-01,Friday,945096,609806,0,621064,0,53054,197083,workday,1,108832
2022-04-02,Saturday,216144,0,0,0,0,0,0,weekend,1,85200
2022-04-03,Sunday,0,1337897,0,0,0,0,0,weekend,1,68240
2022-04-04,Monday,915888,1363989,630651,0,0,0,201771,workday,1,101728
2022-04-05,Tuesday,180288,429291,542743,0,99106,0,206938,workday,1,116400
2022-04-06,Wednesday,877056,802869,1072389,0,98955,0,177375,workday,1,92832
2022-04-07,Thursday,868632,1112434,971349,0,0,0,177375,workday,1,134704
2022-04-08,Friday,674208,153291,968743,0,0,0,136361,workday,1,155968
2022-04-09,Saturday,0,1267440,645189,0,0,0,0,weekend,1,76784
2022-04-10,Sunday,955248,969600,0,0,0,0,37493,weekend,1,93808
2022-04-11,Monday,934008,1336560,704091,0,63508,0,206938,workday,1,125168
2022-04-12,Tuesday,924264,783120,827520,0,63467,55962,207006,workday,1,118384
2022-04-13,Wednesday,887544,82629,0,0,63640,0,194198,workday,1,132208
2022-04-14,Thursday,226560,0,1076297,0,63418,56210,206938,workday,1,81776
2022-04-15,Friday,0,1164343,955029,0,0,0,136652,workday,1,90272
2022-04-16,Saturday,692016,1364571,942343,0,0,55962,0,weekend,1,90272
2022-04-17,Sunday,871632,1385760,0,0,0,0,0,weekend,1,114432
2022-04-18,Monday,927552,1354217,0,414940,0,0,208936,workday,1,127104
2022-04-19,Tuesday,805752,1201474,0,664420,0,55962,206938,workday,1,128288
2022-04-20,Wednesday,923880,1365874,0,761135,0,55714,206938,workday,1,109488
2022-04-21,Thursday,551592,421543,0,0,0,55714,206938,workday,1,134112
2022-04-22,Friday,585888,0,0,617760,0,0,133031,workday,1,104960
2022-04-23,Saturday,0,0,0,620045,0,37576,16779,weekend,1,85984
2022-04-24,Sunday,0,1278309,0,0,0,0,0,weekend,1,76560
2022-04-25,Monday,91608,831497,968503,621086,0,0,206938,workday,1,89472
2022-04-26,Tuesday,862464,1289109,958903,619661,0,55962,206938,workday,1,123840
2022-04-27,Wednesday,929136,1371703,0,410844,0,55962,206938,workday,1,128416
2022-04-28,Thursday,930744,1205794,0,0,0,55900,199606,workday,1,113008
2022-04-29,Friday,0,216651,0,0,0,22286,154987,workday,1,82320
2022-04-30,Saturday,0,0,0,0,0,0,0,weekend,0,38672
2022-05-01,Sunday,0,0,0,0,0,0,0,weekend,0,37456
2022-05-02,Monday,0,0,0,0,0,0,0,workday,0,43600
2022-05-03,Tuesday,0,0,0,0,0,0,0,workday,0,36192
2022-05-04,Wednesday,0,0,0,0,0,0,0,workday,0,39040
2022-05-05,Thursday,0,1372663,0,0,0,0,0,workday,1,61520
2022-05-06,Friday,0,1344651,0,0,0,0,157667,workday,1,80864
2022-05-07,Saturday,337464,840891,0,0,0,0,0,weekend,1,99856
2022-05-08,Sunday,0,384000,0,0,0,55467,0,weekend,1,69776
2022-05-09,Monday,0,0,0,0,0,0,197083,workday,1,55248
2022-05-10,Tuesday,0,1280126,0,0,63451,55467,167521,workday,1,74512
2022-05-11,Wednesday,23400,966309,0,0,0,0,0,workday,1,80512
2022-05-12,Thursday,649056,0,603497,0,0,56210,93615,workday,1,83216
2022-05-13,Friday,913248,0,0,0,0,0,206938,workday,1,94544
2022-05-14,Saturday,928848,1093989,0,0,0,0,199331,weekend,1,80848
2022-05-15,Sunday,958224,620811,0,0,0,60571,0,weekend,1,90064
2022-05-16,Monday,888312,0,0,0,0,0,0,workday,1,112592
2022-05-17,Tuesday,634392,646800,0,616538,0,60571,199606,workday,1,94320
2022-05-18,Wednesday,0,1363440,0,620566,0,60571,206938,workday,1,101408
2022-05-19,Thursday,0,1379726,0,607260,0,0,206938,workday,1,93536
2022-05-20,Friday,925128,1272789,0,0,0,52990,133031,workday,1,125264
2022-05-21,Saturday,951168,95931,0,0,0,0,0,weekend,1,93648
2022-05-22,Sunday,483336,0,0,0,0,60571,0,weekend,1,82720
2022-05-23,Monday,962904,1320274,0,621064,0,60571,176654,workday,1,74240
2022-05-24,Tuesday,0,918891,0,620973,0,22571,177375,workday,1,112576
2022-05-25,Wednesday,737112,0,0,252942,0,55962,177375,workday,1,96240
2022-05-26,Thursday,0,1311840,0,0,0,0,133031,workday,1,72720
2022-05-27,Friday,0,1307657,0,0,0,0,0,workday,1,85744
2022-05-28,Saturday,418224,1366629,0,0,0,51257,0,weekend,1,87632
2022-05-29,Sunday,0,998229,0,0,0,0,0,weekend,1,73472
2022-05-30,Monday,0,336343,0,0,0,0,177375,workday,1,63952
2022-05-31,Tuesday,0,485863,0,0,0,33429,177375,workday,1,46368
2022-06-01,Wednesday,0,763577,0,0,0,0,0,workday,1,60048
2022-06-02,Thursday,0,1152171,961886,0,63508,0,206650,workday,1,84368
2022-06-03,Friday,0,1255371,711326,0,0,0,133031,workday,1,89280
2022-06-04,Saturday,0,1094571,0,0,0,0,0,weekend,1,79184
2022-06-05,Sunday,0,685989,0,0,0,0,0,weekend,1,64592
2022-06-06,Monday,0,710091,0,0,0,0,22599,workday,1,64464
2022-06-07,Tuesday,0,0,708137,0,0,0,176173,workday,1,65040
2022-06-08,Wednesday,0,0,353280,0,63730,13371,177375,workday,1,63728
2022-06-09,Thursday,0,0,0,0,63483,0,177375,workday,1,53440
2022-06-10,Friday,0,0,0,0,127230,0,0,workday,1,53936
2022-06-11,Saturday,0,0,0,0,0,0,0,weekend,0,42800
2022-06-12,Sunday,0,0,0,0,0,0,0,weekend,0,45984
2022-06-13,Monday,0,0,0,0,0,0,203343,workday,1,51184
2022-06-14,Tuesday,0,0,0,410754,49022,0,142885,workday,1,48512
2022-06-15,Wednesday,0,0,0,620136,48713,53397,177375,workday,1,46528
2022-06-16,Thursday,0,0,0,621222,48809,0,59125,workday,1,56176
2022-06-17,Friday,0,0,0,0,48837,0,0,workday,1,58000
2022-06-18,Saturday,0,1248857,0,0,0,0,0,weekend,1,63456
2022-06-19,Sunday,0,726343,0,0,0,0,0,weekend,1,69632
2022-06-20,Monday,0,1250571,0,0,0,0,179373,workday,1,68912
2022-06-21,Tuesday,0,1179771,0,621562,63533,0,176413,workday,1,72880
2022-06-22,Wednesday,0,904183,0,620408,63689,0,0,workday,1,76800
2022-06-23,Thursday,0,1332206,0,620589,0,23029,0,workday,1,74064
2022-06-24,Friday,0,641760,0,0,0,22038,0,workday,1,79296
2022-06-25,Saturday,0,0,0,0,0,0,0,weekend,0,57888
2022-06-26,Sunday,0,0,0,0,0,0,0,weekend,0,46688
2022-06-27,Monday,0,898491,0,0,0,0,177375,workday,1,78288
2022-06-28,Tuesday,0,1189851,0,412700,0,52495,177375,workday,1,86128
2022-06-29,Wednesday,0,1263291,0,0,0,0,175452,workday,1,77744
2022-06-30,Thursday,0,1078594,0,0,0,52000,0,workday,1,83440
2022-07-01,Friday,0,1267269,0,0,0,0,0,workday,1,83248
2022-07-02,Saturday,0,1201440,0,0,0,52495,0,weekend,1,70944
2022-07-03,Sunday,0,379234,0,0,0,0,0,weekend,1,82048
2022-07-04,Monday,254208,0,0,0,0,0,179373,workday,1,64864
2022-07-05,Tuesday,534912,0,239794,0,0,0,177375,workday,1,83568
2022-07-06,Wednesday,789576,0,604011,0,0,51752,177375,workday,1,92592
2022-07-07,Thursday,788016,1296891,854846,0,0,0,177375,workday,1,105808
2022-07-08,Friday,508368,576583,0,0,0,52000,0,workday,1,99680
2022-07-09,Saturday,645144,1350000,0,0,0,0,0,weekend,1,76816
2022-07-10,Sunday,749304,463097,0,0,0,0,0,weekend,1,92112
2022-07-11,Monday,0,1197737,0,0,0,0,179270,workday,1,96352
2022-07-12,Tuesday,0,0,0,620317,0,0,177375,workday,1,66304
2022-07-13,Wednesday,332904,679954,0,619819,0,51505,177375,workday,1,68064
2022-07-14,Thursday,338232,0,0,253168,0,0,177375,workday,1,96704
2022-07-15,Friday,804336,0,0,0,0,51938,0,workday,1,91344
2022-07-16,Saturday,403944,335349,0,0,0,0,0,weekend,1,71552
2022-07-17,Sunday,0,1098069,0,0,0,0,0,weekend,1,75248
2022-07-18,Monday,0,1076160,0,0,0,0,0,workday,1,74560
2022-07-19,Tuesday,743592,370423,0,0,0,743,0,workday,1,84288
2022-07-20,Wednesday,912600,417086,0,252671,0,51752,0,workday,1,94912
2022-07-21,Thursday,484176,336514,0,621697,0,0,0,workday,1,102528
2022-07-22,Friday,932304,0,0,0,0,52495,0,workday,1,85792
2022-07-23,Saturday,745896,0,0,0,0,0,0,weekend,1,82688
2022-07-24,Sunday,0,879703,0,0,0,0,0,weekend,1,75056
2022-07-25,Monday,0,0,0,0,0,51505,206650,workday,1,76528
2022-07-26,Tuesday,0,1287257,0,0,0,0,202011,workday,1,74352
2022-07-27,Wednesday,925896,820491,0,0,0,52248,177375,workday,1,90864
2022-07-28,Thursday,835176,915120,0,0,0,0,177375,workday,1,103680
2022-07-29,Friday,924168,0,0,0,0,52495,128704,workday,1,82304
2022-07-30,Saturday,872136,0,0,0,0,0,0,weekend,1,77904
2022-07-31,Sunday,710280,654651,0,0,0,0,0,weekend,1,75904
2022-08-01,Monday,633048,1219714,0,0,0,0,178707,workday,1,105008
2022-08-02,Tuesday,559680,1360389,0,0,63730,52248,177375,workday,1,129744
2022-08-03,Wednesday,0,1330800,600206,0,0,0,177375,workday,1,85920
2022-08-04,Thursday,126000,1254137,599589,0,0,52248,0,workday,1,99152
2022-08-05,Friday,877536,1312423,0,0,0,16838,0,workday,1,111232
2022-08-06,Saturday,784008,730560,0,0,0,0,0,weekend,1,104112
2022-08-07,Sunday,916200,0,0,0,0,0,0,weekend,1,83680
2022-08-08,Monday,938760,0,0,0,0,0,177375,workday,1,85408
2022-08-09,Tuesday,958704,412114,0,621154,0,0,180039,workday,1,99488
2022-08-10,Wednesday,953376,0,0,253372,0,52248,0,workday,1,95248
2022-08-11,Thursday,252144,0,0,0,0,0,0,workday,1,74016
2022-08-12,Friday,0,0,0,0,0,52248,0,workday,1,54336
2022-08-13,Saturday,410112,0,0,0,0,0,0,weekend,1,63088
2022-08-14,Sunday,804504,0,0,0,0,0,0,weekend,1,83824
2022-08-15,Monday,705816,1280640,0,620702,0,0,0,workday,1,85600
2022-08-16,Tuesday,0,1316297,0,0,0,52495,0,workday,1,91968
2022-08-17,Wednesday,0,384926,0,0,0,0,0,workday,1,73216
2022-08-18,Thursday,0,1161360,0,620611,0,22286,177375,workday,1,63696
2022-08-19,Friday,0,1320583,0,254187,0,23029,133031,workday,1,81744
2022-08-20,Saturday,0,0,0,0,0,0,0,weekend,0,63328
2022-08-21,Sunday,0,0,0,0,0,0,0,weekend,0,54464
2022-08-22,Monday,0,1197120,0,0,0,0,177375,workday,1,58176
2022-08-23,Tuesday,0,606103,0,619412,48905,52495,177375,workday,1,85344
2022-08-24,Wednesday,0,0,0,619367,0,0,177375,workday,1,65808
2022-08-25,Thursday,0,0,0,621019,0,52000,206650,workday,1,69184
2022-08-26,Friday,0,527109,0,0,0,0,133031,workday,1,70576
2022-08-27,Saturday,0,490663,0,0,0,52248,0,weekend,1,77664
2022-08-28,Sunday,0,0,0,0,0,0,158999,weekend,1,50448
2022-08-29,Monday,0,847166,0,0,0,0,0,workday,1,57024
2022-08-30,Tuesday,0,0,700869,0,0,0,0,workday,1,82448
2022-08-31,Wednesday,0,1332137,959006,0,0,52000,173769,workday,1,87328
2022-09-01,Thursday,0,1355177,912171,0,0,0,177375,workday,1,108656
2022-09-02,Friday,0,45360,349543,0,63813,52248,0,workday,1,84016
2022-09-03,Saturday,0,796526,0,0,0,0,0,weekend,1,65776
2022-09-04,Sunday,0,1300389,0,0,0,0,0,weekend,1,87648
2022-09-05,Monday,0,448217,0,0,0,0,175452,workday,1,76352
2022-09-06,Tuesday,0,0,0,0,63335,0,177375,workday,1,60176
2022-09-07,Wednesday,0,1008069,0,0,0,44853,177375,workday,1,91712
2022-09-08,Thursday,0,446743,0,0,0,0,177375,workday,1,51712
2022-09-09,Friday,0,1308891,0,0,0,0,0,workday,1,67568
2022-09-10,Saturday,0,1197840,0,0,0,0,0,weekend,1,81792
2022-09-11,Sunday,0,473417,0,0,0,0,0,weekend,1,72896
2022-09-12,Monday,0,1156971,0,0,0,0,56725,workday,1,64720
2022-09-13,Tuesday,0,875760,0,413017,48933,0,103469,workday,1,87968
2022-09-14,Wednesday,0,0,0,413062,0,0,177375,workday,1,59648
2022-09-15,Thursday,0,0,0,412315,0,0,0,workday,1,65024
2022-09-16,Friday,0,0,0,0,0,0,0,workday,0,60848
2022-09-17,Saturday,0,1225611,0,0,0,0,0,weekend,1,65808
2022-09-18,Sunday,0,1176309,0,0,0,0,0,weekend,1,70224
2022-09-19,Monday,0,719520,0,619729,0,0,177375,workday,1,77248
2022-09-20,Tuesday,0,0,0,618891,0,0,177375,workday,1,78064
2022-09-21,Wednesday,0,0,0,407948,63615,53981,177375,workday,1,71232
2022-09-22,Thursday,0,0,0,189695,0,0,206650,workday,1,58352
2022-09-23,Friday,321504,55166,0,0,0,52248,0,workday,1,64944
2022-09-24,Saturday,238200,0,0,0,0,0,0,weekend,1,74352
2022-09-25,Sunday,32616,0,0,0,0,0,0,weekend,1,65952
2022-09-26,Monday,361752,0,354137,0,0,0,170525,workday,1,83024
2022-09-27,Tuesday,804576,486686,826080,0,0,0,177375,workday,1,98432
2022-09-28,Wednesday,390096,767314,1092343,0,0,52495,177375,workday,1,116480
2022-09-29,Thursday,799368,1272891,562320,0,0,0,177375,workday,1,147792
2022-09-30,Friday,356856,878434,0,0,0,52495,133031,workday,1,85664
2022-10-01,Saturday,0,500640,0,0,0,0,0,weekend,1,57344
2022-10-02,Sunday,795984,1076537,0,0,0,0,0,weekend,1,81936
2022-10-03,Monday,844344,0,0,0,63451,0,177375,workday,1,86912
2022-10-04,Tuesday,435216,0,0,621878,63442,0,177375,workday,1,94496
2022-10-05,Wednesday,729792,0,0,620928,0,52000,177375,workday,1,88928
2022-10-06,Thursday,693912,889406,0,412383,49008,14114,177375,workday,1,105872
2022-10-07,Friday,884232,948480,0,0,49070,25752,0,workday,1,93616
2022-10-08,Saturday,382488,1323531,0,0,0,0,0,weekend,1,103216
2022-10-09,Sunday,0,1196194,0,0,0,0,0,weekend,1,90864
2022-10-10,Monday,0,1285440,0,0,0,0,199331,workday,1,78688
2022-10-11,Tuesday,912648,1237234,0,411478,0,0,179373,workday,1,117888
2022-10-12,Wednesday,917280,475234,0,412089,0,52000,177375,workday,1,118496
2022-10-13,Thursday,605664,0,0,412496,0,0,177375,workday,1,98624
2022-10-14,Friday,555312,0,0,0,0,52000,103469,workday,1,101408
2022-10-15,Saturday,0,0,0,0,0,0,0,weekend,0,52656
2022-10-16,Sunday,788592,0,0,0,0,0,0,weekend,1,69248
2022-10-17,Monday,862800,0,354171,0,0,0,170163,workday,1,87184
2022-10-18,Tuesday,158160,1195989,963120,0,0,0,177375,workday,1,122320
2022-10-19,Wednesday,804624,948206,963257,0,0,52248,177375,workday,1,119824
2022-10-20,Thursday,868224,628114,353486,0,0,0,177375,workday,1,122720
2022-10-21,Friday,477048,0,0,0,0,0,0,workday,1,92880
2022-10-22,Saturday,64776,0,0,0,0,0,0,weekend,1,50384
2022-10-23,Sunday,0,1120971,0,0,0,0,0,weekend,1,62736
2022-10-24,Monday,0,574629,0,0,63352,0,177375,workday,1,90112
2022-10-25,Tuesday,861912,1105371,0,0,63467,0,177375,workday,1,89376
2022-10-26,Wednesday,865920,709063,0,0,63434,0,178041,workday,1,117424
2022-10-27,Thursday,743832,0,0,0,0,0,73906,workday,1,116672
2022-10-28,Friday,452352,713109,0,0,0,0,0,workday,1,94992
2022-10-29,Saturday,742128,147874,0,0,0,0,0,weekend,1,86512
2022-10-30,Sunday,0,0,0,0,0,0,0,weekend,0,68768
2022-10-31,Monday,891648,0,0,0,0,0,0,workday,1,63408
2022-11-01,Tuesday,153816,0,661371,0,63697,0,0,workday,1,88672
2022-11-02,Wednesday,0,0,945531,0,0,52248,0,workday,1,87136
2022-11-03,Thursday,0,0,853440,0,0,0,0,workday,1,96816
2022-11-04,Friday,0,368057,427817,0,0,52248,0,workday,1,72336
2022-11-05,Saturday,0,258411,0,0,0,0,0,weekend,1,57840
2022-11-06,Sunday,0,510343,0,0,0,0,0,weekend,1,59264
2022-11-07,Monday,0,259474,0,0,0,0,177375,workday,1,71424
2022-11-08,Tuesday,0,962743,0,620589,48933,0,177375,workday,1,70432
2022-11-09,Wednesday,0,1036629,0,620430,0,22781,177375,workday,1,59728
2022-11-10,Thursday,0,870926,0,620045,0,0,0,workday,1,75600
2022-11-11,Friday,0,0,0,0,0,0,0,workday,0,75760
2022-11-12,Saturday,0,1051166,0,0,0,0,0,weekend,1,60464
2022-11-13,Sunday,0,0,0,0,0,0,0,weekend,0,54960
2022-11-14,Monday,0,0,0,0,0,0,177375,workday,1,46128
2022-11-15,Tuesday,0,0,0,620272,63475,0,179902,workday,1,55040
2022-11-16,Wednesday,0,0,0,617375,63615,0,180628,workday,1,57424
2022-11-17,Thursday,0,0,0,620023,58752,0,0,workday,1,51392
2022-11-18,Friday,0,0,0,0,0,0,0,workday,0,46160
2022-11-19,Saturday,0,0,0,0,0,0,0,weekend,0,43776
2022-11-20,Sunday,0,0,0,0,0,0,0,weekend,0,39920
2022-11-21,Monday,0,0,0,0,0,0,177375,workday,1,49248
2022-11-22,Tuesday,0,0,602297,0,0,0,177375,workday,1,61216
2022-11-23,Wednesday,493920,0,604354,0,0,52990,177375,workday,1,85952
2022-11-24,Thursday,432144,0,0,0,0,0,0,workday,1,73488
2022-11-25,Friday,862104,0,0,0,0,51752,0,workday,1,72960
2022-11-26,Saturday,928944,0,0,0,0,0,0,weekend,1,77168
2022-11-27,Sunday,865056,0,0,0,0,0,0,weekend,1,61424
2022-11-28,Monday,622248,0,0,0,0,0,170643,workday,1,89600
2022-11-29,Tuesday,898416,0,0,0,48905,0,187229,workday,1,89872
2022-11-30,Wednesday,0,0,0,0,0,52495,177375,workday,1,70800
2022-12-01,Thursday,0,0,0,459428,0,0,177375,workday,1,63424
2022-12-02,Friday,906576,0,0,0,0,52248,154987,workday,1,80528
2022-12-03,Saturday,347520,0,0,0,0,0,0,weekend,1,84784
2022-12-04,Sunday,0,0,0,0,0,0,0,weekend,0,44752
2022-12-05,Monday,0,0,0,0,0,0,177375,workday,1,62544
2022-12-06,Tuesday,881712,0,705497,0,0,0,177375,workday,1,59008
2022-12-07,Wednesday,862224,0,961509,0,48658,52000,177375,workday,1,94448
2022-12-08,Thursday,840744,0,958491,0,0,15848,177375,workday,1,104016
2022-12-09,Friday,0,0,604731,0,0,0,0,workday,1,108320
2022-12-10,Saturday,907512,0,0,0,0,0,0,weekend,1,106064
2022-12-11,Sunday,1000680,0,0,0,0,0,0,weekend,1,75408
2022-12-12,Monday,0,861394,0,0,0,0,176173,workday,1,62368
2022-12-13,Tuesday,0,1059737,0,617262,0,0,177375,workday,1,99568
2022-12-14,Wednesday,0,1101291,0,620860,0,52248,177375,workday,1,91616
2022-12-15,Thursday,657168,167246,0,621132,0,22533,177375,workday,1,99600
2022-12-16,Friday,960768,313714,0,0,0,0,133031,workday,1,101200
2022-12-17,Saturday,778776,1018594,0,0,0,0,0,weekend,1,77504
2022-12-18,Sunday,0,491554,0,0,0,0,0,weekend,1,103840
2022-12-19,Monday,940008,0,0,0,0,0,178707,workday,1,96528
2022-12-20,Tuesday,667032,170434,0,0,63278,0,177375,workday,1,90128
2022-12-21,Wednesday,733536,783463,0,0,63302,0,177375,workday,1,105664
2022-12-22,Thursday,239664,570206,0,617647,0,0,103469,workday,1,102656
2022-12-23,Friday,0,1262160,0,0,48686,0,0,workday,1,74688
2022-12-24,Saturday,0,1201303,0,0,0,0,0,weekend,1,67040
2022-12-25,Sunday,0,1296789,0,0,0,0,0,weekend,1,73168
2022-12-26,Monday,0,1040743,0,0,0,0,179373,workday,1,80320
2022-12-27,Tuesday,0,0,954103,0,0,0,177375,workday,1,82720
2022-12-28,Wednesday,0,0,959040,0,0,55962,177375,workday,1,69008
2022-12-29,Thursday,0,80606,599280,0,0,0,113323,workday,1,73232
2022-12-30,Friday,0,328869,0,0,0,55962,0,workday,1,75136
2022-12-31,Saturday,0,726617,0,0,0,0,0,weekend,1,56864
2023-01-01,Sunday,0,1232674,0,0,0,0,0,weekend,1,74528
2023-01-02,Monday,0,1127897,0,0,0,0,176173,workday,1,66512
2023-01-03,Tuesday,0,1149189,0,620091,63434,0,177375,workday,1,82176
2023-01-04,Wednesday,0,1230034,0,619887,0,0,177375,workday,1,87040
2023-01-05,Thursday,0,1274297,0,413130,48871,0,177375,workday,1,89168
2023-01-06,Friday,535992,1059737,0,0,49371,0,0,workday,1,98736
2023-01-07,Saturday,618336,0,0,0,0,0,0,weekend,1,99792
2023-01-08,Sunday,934536,0,0,0,0,0,0,weekend,1,82320
2023-01-09,Monday,931512,1330971,0,414307,49269,0,180705,workday,1,96208
2023-01-10,Tuesday,203760,1218720,0,414103,0,0,177375,workday,1,110160
2023-01-11,Wednesday,0,0,0,0,63360,21667,177375,workday,1,94512
2023-01-12,Thursday,0,0,698194,0,63097,0,0,workday,1,63360
2023-01-13,Friday,0,0,0,0,0,56603,182302,workday,1,65808
2023-01-14,Saturday,0,0,0,0,0,0,206938,weekend,1,46240
2023-01-15,Sunday,0,0,0,0,0,0,0,weekend,0,48720
2023-01-16,Monday,0,0,0,0,0,56210,174159,workday,1,56400
2023-01-17,Tuesday,0,449520,945394,0,0,55962,177375,workday,1,89776
2023-01-18,Wednesday,914208,0,960274,0,0,56210,177375,workday,1,118624
2023-01-19,Thursday,910368,768411,964423,0,0,56210,177375,workday,1,116304
2023-01-20,Friday,85392,1184366,605794,0,0,55962,133031,workday,1,119216
2023-01-21,Saturday,161928,1156834,0,0,0,0,0,weekend,1,97440
2023-01-22,Sunday,0,1221634,0,0,0,0,0,weekend,1,61680
2023-01-23,Monday,0,0,353109,0,0,55962,144218,workday,1,87952
2023-01-24,Tuesday,0,0,710571,0,63302,56210,0,workday,1,72496
2023-01-25,Wednesday,0,0,957360,0,63335,55962,177375,workday,1,67568
2023-01-26,Thursday,610464,0,959794,0,0,55962,177375,workday,1,88944
2023-01-27,Friday,917832,0,0,0,0,56210,73906,workday,1,87984
2023-01-28,Saturday,954048,0,0,0,0,0,0,weekend,1,76656
2023-01-29,Sunday,379368,1299017,0,0,0,0,0,weekend,1,80800
2023-01-30,Monday,0,1289760,0,620815,0,59429,206650,workday,1,94480
2023-01-31,Tuesday,0,614571,0,204811,0,59676,184035,workday,1,93872
2023-02-01,Wednesday,867384,1374789,0,620951,63385,59676,83760,workday,1,112048
2023-02-02,Thursday,901224,1283040,0,620679,63426,59676,0,workday,1,127296
2023-02-03,Friday,655512,88286,0,0,0,59676,133031,workday,1,117648
2023-02-04,Saturday,865176,1320857,0,0,0,59924,0,weekend,1,117264
2023-02-05,Sunday,947856,93189,0,0,0,0,0,weekend,1,72704
2023-02-06,Monday,561240,0,603977,0,63640,59676,179902,workday,1,102368
2023-02-07,Tuesday,958824,1313349,964560,0,63376,59676,179373,workday,1,109568
2023-02-08,Wednesday,0,1387440,922766,0,0,59924,177375,workday,1,118032
2023-02-09,Thursday,0,1340297,952046,0,63360,59676,108396,workday,1,113216
2023-02-10,Friday,0,0,0,0,63204,61905,49271,workday,1,98848
2023-02-11,Saturday,0,1210526,0,0,0,0,0,weekend,1,76912
2023-02-12,Sunday,0,1397794,0,0,0,0,0,weekend,1,68672
2023-02-13,Monday,0,152091,0,201281,0,0,177375,workday,1,74848
2023-02-14,Tuesday,0,0,0,0,0,62152,177375,workday,1,55808
2023-02-15,Wednesday,0,0,0,275571,0,59676,177375,workday,1,80560
2023-02-16,Thursday,0,1390389,0,597688,0,59429,177375,workday,1,80032
2023-02-17,Friday,0,1057989,0,411908,0,59429,133031,workday,1,87920
2023-02-18,Saturday,0,1344309,0,0,0,0,0,weekend,1,78032
2023-02-19,Sunday,0,1029566,0,0,0,0,0,weekend,1,73520
2023-02-20,Monday,0,1228320,0,0,0,0,177375,workday,1,76448
2023-02-21,Tuesday,0,1191223,169234,0,0,0,0,workday,1,82000
2023-02-22,Wednesday,911592,682629,521829,0,0,36648,177375,workday,1,98768
2023-02-23,Thursday,932328,0,379646,0,62957,0,0,workday,1,130848
2023-02-24,Friday,422904,0,930686,0,63319,53486,0,workday,1,89328
2023-02-25,Saturday,944112,0,709989,0,0,0,0,weekend,1,119808
2023-02-26,Sunday,933000,0,0,0,0,0,0,weekend,1,73696
2023-02-27,Monday,908712,0,963634,0,0,0,177375,workday,1,88272
2023-02-28,Tuesday,393168,0,961680,0,48590,0,177375,workday,1,113104
2023-03-01,Wednesday,0,0,990343,0,0,28724,177375,workday,1,87376
2023-03-02,Thursday,0,718011,992880,0,63393,0,177375,workday,1,103392
2023-03-03,Friday,0,1137703,387600,0,0,27238,133031,workday,1,101488
2023-03-04,Saturday,0,879257,993326,0,0,0,0,weekend,1,107456
2023-03-05,Sunday,0,1173600,0,0,0,0,0,weekend,1,76464
2023-03-06,Monday,0,1030251,0,399915,0,0,177375,workday,1,75568
2023-03-07,Tuesday,376872,1327269,0,0,63385,0,177375,workday,1,109920
2023-03-08,Wednesday,968328,509074,0,618303,0,0,177375,workday,1,108352
2023-03-09,Thursday,408960,0,0,616334,0,0,0,workday,1,96352
2023-03-10,Friday,915768,0,0,620905,63475,26000,154987,workday,1,97664
2023-03-11,Saturday,894888,0,0,0,0,0,0,weekend,1,87984
2023-03-12,Sunday,918024,0,0,0,0,0,0,weekend,1,70672
2023-03-13,Monday,0,0,998469,0,63376,0,0,workday,1,72688
2023-03-14,Tuesday,0,0,997063,0,63319,0,0,workday,1,81888
2023-03-15,Wednesday,0,0,998297,0,0,0,0,workday,1,88272
2023-03-16,Thursday,0,0,999051,0,0,0,177375,workday,1,90224
2023-03-17,Friday,0,0,0,0,0,0,118250,workday,1,74016
2023-03-18,Saturday,0,123017,0,0,0,0,0,weekend,1,55424
2023-03-19,Sunday,0,0,0,0,0,0,0,weekend,0,43168
2023-03-20,Monday,0,776434,997131,0,0,0,171845,workday,1,81232
2023-03-21,Tuesday,0,1397760,993806,0,48960,0,177375,workday,1,92816
2023-03-22,Wednesday,0,1389223,997577,0,0,0,0,workday,1,108976
2023-03-23,Thursday,0,1137977,951531,0,0,0,177375,workday,1,83040
2023-03-24,Friday,0,205817,784869,0,0,0,133031,workday,1,86736
2023-03-25,Saturday,0,0,0,0,0,0,0,weekend,0,74688
2023-03-26,Sunday,0,0,0,0,0,0,0,weekend,0,45744
2023-03-27,Monday,0,0,0,0,0,0,0,workday,0,62272
2023-03-28,Tuesday,0,1397520,0,621109,0,0,0,workday,1,74832
2023-03-29,Wednesday,0,1395737,0,619955,63311,0,0,workday,1,88816
2023-03-30,Thursday,0,1396903,0,620973,63426,52000,177375,workday,1,94512
2023-03-31,Friday,0,1242926,0,461170,63401,0,133031,workday,1,94784
2023-04-01,Saturday,858168,0,0,0,0,0,0,weekend,1,73472
2023-04-02,Sunday,872760,0,0,0,0,0,0,weekend,1,79024
2023-04-03,Monday,449064,0,0,0,63590,52495,177375,workday,1,100896
2023-04-04,Tuesday,395496,1122823,0,0,0,0,177375,workday,1,88720
2023-04-05,Wednesday,895752,1173463,0,0,48953,52345,174250,workday,1,89968
2023-04-06,Thursday,639168,1033989,0,0,48878,0,154987,workday,1,109216
2023-04-07,Friday,647640,1305943,0,0,0,0,0,workday,1,112160
2023-04-08,Saturday,0,1397314,0,0,63237,0,0,weekend,1,86176
2023-04-09,Sunday,0,1400229,0,0,63228,0,0,weekend,1,82768
2023-04-10,Monday,856128,492034,998949,0,63056,52000,177375,workday,1,93696
2023-04-11,Tuesday,901968,0,389211,0,0,0,177375,workday,1,123136
2023-04-12,Wednesday,850944,0,352731,620928,0,52248,177375,workday,1,95104
2023-04-13,Thursday,206592,567874,0,620543,0,0,177375,workday,1,102864
2023-04-14,Friday,741600,1413017,0,621471,0,48533,133031,workday,1,108000
2023-04-15,Saturday,429048,1290034,0,621381,0,0,0,weekend,1,107456
2023-04-16,Sunday,882912,0,0,175349,0,0,0,weekend,1,104048
2023-04-17,Monday,517080,650674,0,282110,0,0,179902,workday,1,100256
2023-04-18,Tuesday,0,0,0,0,0,52000,177375,workday,1,53024
2023-04-19,Wednesday,0,0,0,0,0,0,59125,workday,1,39776
2023-04-20,Thursday,0,0,0,0,0,0,0,workday,0,19600
2023-04-21,Friday,0,0,0,0,0,0,0,workday,0,21664
2023-04-22,Saturday,0,0,0,0,0,0,0,weekend,0,24096
2023-04-23,Sunday,0,0,0,0,0,0,0,weekend,0,25664
2023-04-24,Monday,0,0,0,0,0,0,0,workday,0,20192
2023-04-25,Tuesday,0,0,0,0,0,0,0,workday,0,24336
2023-04-26,Wednesday,0,0,0,0,0,0,0,workday,0,29712
2023-04-27,Thursday,0,0,0,0,0,0,0,workday,0,38720
2023-04-28,Friday,0,0,0,0,0,0,0,workday,0,52224
2023-04-29,Saturday,526728,0,0,0,0,0,0,weekend,1,67344
2023-04-30,Sunday,937320,0,0,0,0,0,0,weekend,1,74320
2023-05-01,Monday,734304,0,0,0,0,0,0,workday,1,82464
2023-05-02,Tuesday,919608,0,0,0,0,0,203397,workday,1,85200
2023-05-03,Wednesday,652896,0,992777,0,0,0,177375,workday,1,105200
2023-05-04,Thursday,785184,0,997337,0,0,34419,177375,workday,1,93104
2023-05-05,Friday,0,706491,998023,0,63451,18571,133031,workday,1,112656
2023-05-06,Saturday,878352,1175109,0,0,0,0,0,weekend,1,60944
2023-05-07,Sunday,0,20366,0,0,0,0,0,weekend,1,105184
2023-05-08,Monday,882168,1357817,0,621516,0,52248,179270,workday,1,99584
2023-05-09,Tuesday,889656,689314,0,621584,62973,0,177375,workday,1,133696
2023-05-10,Wednesday,618432,1057749,0,620362,63006,52000,177375,workday,1,101760
2023-05-11,Thursday,912240,546823,0,621132,0,0,175692,workday,1,111424
2023-05-12,Friday,948072,0,0,620045,0,52248,133031,workday,1,102832
2023-05-13,Saturday,641304,0,0,460243,0,0,0,weekend,1,103328
2023-05-14,Sunday,0,1273749,0,0,0,0,0,weekend,1,74320
2023-05-15,Monday,762456,491143,0,0,0,0,177375,workday,1,69120
2023-05-16,Tuesday,921312,1367760,0,0,0,0,177375,workday,1,110848
2023-05-17,Wednesday,909504,73543,0,0,0,52000,171605,workday,1,117856
2023-05-18,Thursday,350928,1378046,0,0,0,15848,0,workday,1,113760
2023-05-19,Friday,257472,1292811,0,0,0,18819,133031,workday,1,112960
2023-05-20,Saturday,929472,1225063,0,0,0,0,0,weekend,1,99680
2023-05-21,Sunday,864240,0,0,0,0,0,0,weekend,1,89152
2023-05-22,Monday,570744,0,0,0,0,0,177375,workday,1,83296
2023-05-23,Tuesday,0,1385966,995863,0,48946,52248,177375,workday,1,76736
2023-05-24,Wednesday,918888,10937,996960,0,0,0,177375,workday,1,100480
2023-05-25,Thursday,258216,1388194,993943,0,63097,55962,177375,workday,1,128112
2023-05-26,Friday,931032,1377600,0,0,63138,0,154987,workday,1,112896
2023-05-27,Saturday,898056,1339029,0,0,0,0,0,weekend,1,128768
2023-05-28,Sunday,898464,1309440,0,0,0,0,0,weekend,1,107344
2023-05-29,Monday,908928,0,0,0,0,0,180534,workday,1,75776
2023-05-30,Tuesday,680112,1408697,0,0,0,0,180705,workday,1,96032
2023-05-31,Wednesday,0,811234,0,0,0,25752,177375,workday,1,88416
2023-06-01,Thursday,0,1340777,0,0,0,0,0,workday,1,82944
2023-06-02,Friday,406776,1385314,0,0,0,0,133031,workday,1,91696
2023-06-03,Saturday,918432,725657,0,0,0,0,0,weekend,1,104192
2023-06-04,Sunday,925464,0,0,0,0,0,0,weekend,1,138816
2023-06-05,Monday,926184,0,0,0,0,0,177375,workday,1,57472
2023-06-06,Tuesday,932760,0,0,204947,0,0,177375,workday,1,93184
2023-06-07,Wednesday,871752,0,0,620770,0,52248,177375,workday,1,80256
2023-06-08,Thursday,868656,0,0,620883,0,0,177375,workday,1,96736
2023-06-09,Friday,0,0,0,412949,0,52248,131829,workday,1,75824
2023-06-10,Saturday,0,0,0,0,0,0,0,weekend,0,52512
2023-06-11,Sunday,912312,0,0,0,0,0,0,weekend,1,71984
2023-06-12,Monday,920040,0,0,0,0,0,19708,workday,1,79488
2023-06-13,Tuesday,775776,0,0,619751,0,0,11481,workday,1,89008
2023-06-14,Wednesday,913296,0,0,620181,42549,51876,18747,workday,1,96400
2023-06-15,Thursday,839088,0,0,616176,0,0,180039,workday,1,106992
2023-06-16,Friday,242208,0,0,413537,0,52248,0,workday,1,89776
2023-06-17,Saturday,471048,0,0,0,0,0,0,weekend,1,83520
2023-06-18,Sunday,0,0,0,0,0,0,0,weekend,0,54944
2023-06-19,Monday,337320,0,992331,0,0,52124,177375,workday,1,67744
2023-06-20,Tuesday,608976,0,742594,0,63179,0,177375,workday,1,110832
2023-06-21,Wednesday,920688,0,996823,0,63171,52000,192156,workday,1,83408
2023-06-22,Thursday,574896,0,996103,0,0,0,0,workday,1,113504
2023-06-23,Friday,892608,0,0,0,0,45067,0,workday,1,100512
2023-06-24,Saturday,922704,0,0,0,0,0,0,weekend,1,79344
2023-06-25,Sunday,915384,0,0,0,0,0,0,weekend,1,77328
2023-06-26,Monday,336960,1183749,0,0,0,0,157070,workday,1,77584
2023-06-27,Tuesday,0,0,0,0,0,0,199331,workday,1,79840
2023-06-28,Wednesday,506064,0,0,0,0,52000,103469,workday,1,77184
2023-06-29,Thursday,914520,428434,0,0,0,0,0,workday,1,74976
2023-06-30,Friday,526368,1327611,0,0,0,0,73906,workday,1,102016
2023-07-01,Saturday,922296,1007280,0,0,0,0,0,weekend,1,105872
2023-07-02,Sunday,949944,1134034,0,0,0,0,0,weekend,1,98400
2023-07-03,Monday,901152,0,0,0,0,48510,177375,workday,1,80368
2023-07-04,Tuesday,932352,0,0,0,0,0,177375,workday,1,84192
2023-07-05,Wednesday,0,1310914,0,0,63508,52000,176173,workday,1,92272
2023-07-06,Thursday,0,746846,0,0,63483,0,177375,workday,1,81600
2023-07-07,Friday,0,1392171,0,0,0,51257,133031,workday,1,76880
2023-07-08,Saturday,949080,1354457,0,0,0,0,0,weekend,1,101504
2023-07-09,Sunday,968016,702823,0,0,0,0,0,weekend,1,93808
2023-07-10,Monday,961416,1246080,0,616923,48816,0,177375,workday,1,104096
2023-07-11,Tuesday,934320,0,0,619932,0,0,177375,workday,1,110784
2023-07-12,Wednesday,966504,0,0,619842,0,52743,177375,workday,1,109600
2023-07-13,Thursday,714816,1371223,0,620068,63212,0,177375,workday,1,116800
2023-07-14,Friday,592296,1104686,0,0,63212,45067,133031,workday,1,104400
2023-07-15,Saturday,0,1289897,0,0,0,0,0,weekend,1,90784
2023-07-16,Sunday,0,1402217,0,0,0,0,0,weekend,1,74480
2023-07-17,Monday,0,1332789,0,0,0,0,177375,workday,1,77440
2023-07-18,Tuesday,721440,1340400,0,0,62842,22286,177375,workday,1,100656
2023-07-19,Wednesday,266832,419314,0,0,0,0,0,workday,1,84656
2023-07-20,Thursday,159048,0,378857,0,0,0,177375,workday,1,66176
2023-07-21,Friday,0,0,0,0,0,29714,146855,workday,1,61104
2023-07-22,Saturday,0,1413909,0,0,0,0,0,weekend,1,63568
2023-07-23,Sunday,0,1367451,0,0,0,0,0,weekend,1,77872
2023-07-24,Monday,0,1349829,0,0,0,0,0,workday,1,87568
2023-07-25,Tuesday,944688,1329017,0,460627,0,0,175211,workday,1,93920
2023-07-26,Wednesday,964152,841166,636789,0,0,0,132100,workday,1,92672
2023-07-27,Thursday,932880,0,637269,0,0,0,0,workday,1,105824
2023-07-28,Friday,852768,0,0,0,49097,0,0,workday,1,86128
2023-07-29,Saturday,911112,0,0,0,0,0,0,weekend,1,78096
2023-07-30,Sunday,954312,0,0,0,0,0,0,weekend,1,80192
2023-07-31,Monday,476496,0,0,0,0,0,0,workday,1,81600
2023-08-01,Tuesday,71928,0,0,620408,63278,0,177375,workday,1,87536
2023-08-02,Wednesday,0,1123440,0,621426,0,0,206938,workday,1,76224
2023-08-03,Thursday,948360,1371806,0,619910,62998,0,206938,workday,1,88320
2023-08-04,Friday,948408,1356411,0,254323,0,0,206938,workday,1,108432
2023-08-05,Saturday,931776,150583,0,0,0,0,127742,weekend,1,106288
2023-08-06,Sunday,960336,1409863,0,0,0,0,0,weekend,1,106544
2023-08-07,Monday,652680,652903,0,0,0,0,177375,workday,1,101872
2023-08-08,Tuesday,756480,0,0,0,0,0,177375,workday,1,89616
2023-08-09,Wednesday,0,0,0,0,0,0,177375,workday,1,93280
2023-08-10,Thursday,0,0,0,0,49138,0,177375,workday,1,65824
2023-08-11,Friday,927672,1404069,0,0,0,0,154987,workday,1,82416
2023-08-12,Saturday,951720,1345577,0,0,0,0,0,weekend,1,95712
2023-08-13,Sunday,338736,1362137,0,0,0,0,0,weekend,1,97648
2023-08-14,Monday,948168,1379657,0,0,0,0,177375,workday,1,101360
2023-08-15,Tuesday,802704,0,388320,0,62899,51567,177375,workday,1,104208
2023-08-16,Wednesday,711144,1339509,746263,0,0,18324,177375,workday,1,116720
2023-08-17,Thursday,0,0,0,0,0,0,0,workday,0,63296
2023-08-18,Friday,0,0,351909,0,0,0,133031,workday,1,53872
2023-08-19,Saturday,954048,0,0,0,0,0,0,weekend,1,79552
2023-08-20,Sunday,925296,1418709,0,0,0,0,0,weekend,1,83424
2023-08-21,Monday,164280,859577,996617,0,0,0,177375,workday,1,95824
2023-08-22,Tuesday,408744,0,0,0,0,0,177375,workday,1,96480
2023-08-23,Wednesday,773232,0,744343,0,0,28848,177375,workday,1,76672
2023-08-24,Thursday,538872,1397451,989794,0,0,0,177375,workday,1,97696
2023-08-25,Friday,345744,682491,247371,0,0,58933,133031,workday,1,127680
2023-08-26,Saturday,0,1356651,0,0,0,0,0,weekend,1,62464
2023-08-27,Sunday,814632,284709,0,0,0,0,0,weekend,1,76864
2023-08-28,Monday,934584,0,0,412496,0,0,177375,workday,1,98736
2023-08-29,Tuesday,929808,1368754,0,620181,0,53919,177375,workday,1,108496
2023-08-30,Wednesday,901392,1350549,0,621313,0,0,0,workday,1,102240
2023-08-31,Thursday,405432,904766,0,0,0,0,177375,workday,1,117712
2023-09-01,Friday,946608,1388229,0,0,0,0,133031,workday,1,109968
2023-09-02,Saturday,922152,1310846,0,0,0,0,0,weekend,1,87312
2023-09-03,Sunday,101808,1101566,0,0,0,0,0,weekend,1,102704
2023-09-04,Monday,0,0,0,0,48843,0,177375,workday,1,66080
2023-09-05,Tuesday,844752,0,0,401340,0,0,177375,workday,1,67296
2023-09-06,Wednesday,928440,0,0,620883,62998,0,172109,workday,1,85472
2023-09-07,Thursday,0,1141166,0,619774,0,15352,0,workday,1,96352
2023-09-08,Friday,374016,0,0,0,0,0,0,workday,1,79120
2023-09-09,Saturday,0,0,0,0,0,0,0,weekend,0,51456
2023-09-10,Sunday,240696,366960,0,0,0,0,0,weekend,1,50480
2023-09-11,Monday,0,1369269,0,0,0,0,174250,workday,1,74704
2023-09-12,Tuesday,0,1386823,992297,0,0,0,177375,workday,1,88288
2023-09-13,Wednesday,0,654103,993429,0,49179,52248,78833,workday,1,88720
2023-09-14,Thursday,964032,0,644366,0,0,15352,0,workday,1,96736
2023-09-15,Friday,946800,0,0,0,63311,0,0,workday,1,86304
2023-09-16,Saturday,381168,0,0,0,0,0,0,weekend,1,79408
2023-09-17,Sunday,463200,0,0,0,0,0,0,weekend,1,70256
2023-09-18,Monday,619536,1131086,0,0,63459,0,177375,workday,1,76592
2023-09-19,Tuesday,0,1380411,0,0,63352,0,177375,workday,1,89344
2023-09-20,Wednesday,754272,1225646,0,620815,63163,40362,177375,workday,1,101392
2023-09-21,Thursday,926616,1417783,0,621019,63385,22286,177375,workday,1,117904
2023-09-22,Friday,922200,1352846,0,621313,0,21790,0,workday,1,112160
2023-09-23,Saturday,939960,144514,0,0,0,0,0,weekend,1,96384
2023-09-24,Sunday,945432,0,0,0,0,0,0,weekend,1,77120
2023-09-25,Monday,912840,0,0,0,0,0,177375,workday,1,93200
2023-09-26,Tuesday,689112,0,0,0,0,0,173288,workday,1,85424
2023-09-27,Wednesday,81792,782160,0,0,0,52000,172448,workday,1,78048
2023-09-28,Thursday,0,1401223,0,0,0,0,0,workday,1,77872
2023-09-29,Friday,875784,1123920,0,0,0,22286,113323,workday,1,80544
2023-09-30,Saturday,405552,938983,0,0,0,0,0,weekend,1,90944
2023-10-01,Sunday,414360,1239326,0,0,0,0,0,weekend,1,92656
2023-10-02,Monday,906792,0,995383,0,0,0,14781,workday,1,97440
2023-10-03,Tuesday,949368,0,1000011,0,0,0,177375,workday,1,90432
2023-10-04,Wednesday,926280,1172469,998331,0,48658,44571,177375,workday,1,130208
2023-10-05,Thursday,581736,0,605829,0,48967,18324,177375,workday,1,108576
2023-10-06,Friday,0,1057131,0,0,0,22286,133031,workday,1,89200
2023-10-07,Saturday,0,1313417,0,0,0,0,0,weekend,1,63280
2023-10-08,Sunday,0,1339029,0,0,0,0,0,weekend,1,75072
2023-10-09,Monday,135384,1124811,0,0,0,0,177375,workday,1,79136
2023-10-10,Tuesday,906408,0,0,621607,63327,0,177375,workday,1,102800
2023-10-11,Wednesday,1137672,0,0,621584,46631,52000,177375,workday,1,92304
2023-10-12,Thursday,921072,1219817,0,620815,63269,0,177375,workday,1,113408
2023-10-13,Friday,578592,1357474,0,0,0,52000,132026,workday,1,120592
2023-10-14,Saturday,348744,1332411,0,0,0,0,0,weekend,1,106288
2023-10-15,Sunday,0,1300800,0,0,0,0,0,weekend,1,85456
2023-10-16,Monday,0,1360697,0,0,0,0,177375,workday,1,65904
2023-10-17,Tuesday,793416,1201509,996377,0,0,0,177375,workday,1,102560
2023-10-18,Wednesday,972312,0,389417,0,0,54971,172567,workday,1,113808
2023-10-19,Thursday,957288,697371,747977,0,0,0,177375,workday,1,123936
2023-10-20,Friday,819456,710297,710263,0,0,44690,0,workday,1,103936
2023-10-21,Saturday,0,712011,0,0,0,0,0,weekend,1,91104
2023-10-22,Sunday,0,711874,0,0,0,0,0,weekend,1,65184
2023-10-23,Monday,0,716983,0,0,0,0,0,workday,1,90176
2023-10-24,Tuesday,620544,712320,0,619480,0,0,0,workday,1,102864
2023-10-25,Wednesday,959712,346629,0,614773,0,52248,0,workday,1,82720
2023-10-26,Thursday,683544,0,0,620589,0,0,157667,workday,1,112928
2023-10-27,Friday,896880,0,0,412655,0,51752,0,workday,1,84352
2023-10-28,Saturday,940176,0,0,0,0,0,0,weekend,1,82544
2023-10-29,Sunday,363960,0,0,0,0,0,0,weekend,1,73184
2023-10-30,Monday,470016,0,0,0,61122,0,177375,workday,1,72464
2023-10-31,Tuesday,0,0,1000114,0,0,0,177375,workday,1,68880
2023-11-01,Wednesday,382848,0,999977,0,63401,52000,206650,workday,1,94736
2023-11-02,Thursday,925464,0,997749,0,0,0,0,workday,1,100096
2023-11-03,Friday,522480,0,605006,0,0,52000,0,workday,1,77872
2023-11-04,Saturday,0,0,0,0,0,0,0,weekend,0,41792
2023-11-05,Sunday,0,0,0,0,0,0,0,weekend,0,29616
2023-11-06,Monday,0,0,0,0,0,0,0,workday,0,45504
2023-11-07,Tuesday,0,0,0,0,0,0,0,workday,0,43392
2023-11-08,Wednesday,0,0,0,0,62932,52000,0,workday,1,44448
2023-11-09,Thursday,0,0,0,0,63031,22286,0,workday,1,46080
2023-11-10,Friday,0,0,0,0,0,22286,0,workday,1,46112
2023-11-11,Saturday,0,0,0,0,0,0,0,weekend,0,36912
2023-11-12,Sunday,0,0,0,0,0,0,0,weekend,0,38352
2023-11-13,Monday,0,0,0,0,0,0,0,workday,0,41696
2023-11-14,Tuesday,0,0,0,0,0,0,0,workday,0,48768
2023-11-15,Wednesday,0,0,0,0,0,48286,177135,workday,1,51344
2023-11-16,Thursday,0,0,0,0,0,0,177375,workday,1,52128
2023-11-17,Friday,0,0,0,0,0,48286,0,workday,1,60464
2023-11-18,Saturday,0,0,0,0,0,0,0,weekend,0,56496
2023-11-19,Sunday,0,0,0,0,0,0,0,weekend,0,39856
2023-11-20,Monday,0,0,0,0,0,0,173780,workday,1,58384
2023-11-21,Tuesday,0,0,0,619570,62833,0,174971,workday,1,69696
2023-11-22,Wednesday,0,0,0,619050,62932,25752,177375,workday,1,53792
2023-11-23,Thursday,0,0,0,619344,0,0,177375,workday,1,67776
2023-11-24,Friday,0,0,0,620227,0,0,133031,workday,1,67456
2023-11-25,Saturday,0,0,0,0,0,0,0,weekend,0,61856
2023-11-26,Sunday,0,0,0,0,0,0,0,weekend,0,43456
2023-11-27,Monday,0,0,0,0,0,0,174730,workday,1,74592
2023-11-28,Tuesday,0,712423,993806,0,0,0,177375,workday,1,86656
2023-11-29,Wednesday,0,0,734057,0,48933,52127,172448,workday,1,94144
2023-11-30,Thursday,0,128400,605691,0,0,0,174490,workday,1,66256
2023-12-01,Friday,0,109166,0,0,62611,48286,133031,workday,1,70400
2023-12-02,Saturday,0,1338926,0,0,0,0,0,weekend,1,68096
2023-12-03,Sunday,0,1202949,0,0,0,0,0,weekend,1,65184
2023-12-04,Monday,150720,456823,0,0,0,0,177375,workday,1,75552
2023-12-05,Tuesday,658152,83931,0,0,63039,48286,177375,workday,1,93440
2023-12-06,Wednesday,181776,1354080,0,0,62940,0,177375,workday,1,98576
2023-12-07,Thursday,0,1410926,0,0,63195,44324,177375,workday,1,85744
2023-12-08,Friday,610200,1350583,0,0,0,0,133031,workday,1,97472
2023-12-09,Saturday,0,903737,0,0,0,44571,0,weekend,1,82224
2023-12-10,Sunday,0,672994,0,0,0,0,0,weekend,1,66432
2023-12-11,Monday,0,0,0,0,0,0,0,workday,0,58896
2023-12-12,Tuesday,35184,689383,0,618891,0,0,177375,workday,1,53808
2023-12-13,Wednesday,868272,1088537,0,619910,0,0,177375,workday,1,131904
2023-12-14,Thursday,900336,738617,0,411297,0,0,177375,workday,1,126928
2023-12-15,Friday,623472,706011,0,0,0,0,206938,workday,1,98512
2023-12-16,Saturday,849168,626571,0,0,0,0,0,weekend,1,95664
2023-12-17,Sunday,813072,359314,0,0,0,0,0,weekend,1,88784
2023-12-18,Monday,777192,0,0,0,0,0,194679,workday,1,93360
2023-12-19,Tuesday,474840,0,0,619978,48693,0,206938,workday,1,84128
2023-12-20,Wednesday,0,0,0,593683,0,0,206938,workday,1,58304
2023-12-21,Thursday,0,1350514,0,0,0,37143,206938,workday,1,86720
2023-12-22,Friday,137712,1383566,0,0,0,0,51662,workday,1,85888
2023-12-23,Saturday,836712,1362754,0,0,0,0,0,weekend,1,108288
2023-12-24,Sunday,819552,1400400,0,0,0,0,0,weekend,1,104960
2023-12-25,Monday,404160,466423,0,0,0,0,0,workday,1,81760
2023-12-26,Tuesday,914304,1380754,985440,0,0,0,0,workday,1,116976
2023-12-27,Wednesday,704616,922800,996926,0,63228,0,0,workday,1,127328
2023-12-28,Thursday,0,0,999669,0,63656,52000,195486,workday,1,88032
2023-12-29,Friday,0,0,390857,0,0,21048,206938,workday,1,62912
2023-12-30,Saturday,0,0,0,0,0,0,142789,weekend,1,45568
2023-12-31,Sunday,0,0,0,0,0,0,0,weekend,0,39328
2024-01-01,Monday,0,0,0,0,0,0,0,workday,0,35264
2024-01-02,Tuesday,0,0,997063,0,0,0,184104,workday,1,54608
2024-01-03,Wednesday,691680,0,998537,0,63837,22410,206938,workday,1,86720
2024-01-04,Thursday,0,0,993737,0,0,0,177375,workday,1,79168
2024-01-05,Friday,935904,1248617,0,0,0,52248,133031,workday,1,98528
2024-01-06,Saturday,833784,1015646,0,0,0,0,0,weekend,1,116976
2024-01-07,Sunday,0,1379349,0,0,0,0,0,weekend,1,70432
2024-01-08,Monday,0,1212823,0,0,0,0,177375,workday,1,65264
2024-01-09,Tuesday,0,0,0,411749,0,0,177375,workday,1,86112
2024-01-10,Wednesday,0,0,0,413673,49166,52248,177375,workday,1,69408
2024-01-11,Thursday,0,0,0,412338,0,0,177375,workday,1,64368
2024-01-12,Friday,0,0,0,0,0,52000,0,workday,1,59888
2024-01-13,Saturday,0,0,0,0,0,0,0,weekend,0,44944
2024-01-14,Sunday,877560,1331211,0,0,0,0,0,weekend,1,77936
2024-01-15,Monday,932952,759017,0,0,0,0,177375,workday,1,102096
2024-01-16,Tuesday,926496,0,0,620724,63788,0,177375,workday,1,113456
2024-01-17,Wednesday,832032,0,0,407835,63590,44448,177375,workday,1,85184
2024-01-18,Thursday,933768,1076023,0,0,63739,0,154987,workday,1,114272
2024-01-19,Friday,0,801874,0,0,0,37390,0,workday,1,101856
2024-01-20,Saturday,0,0,0,0,0,0,0,weekend,0,55264
2024-01-21,Sunday,0,0,0,0,0,0,0,weekend,0,55008
2024-01-22,Monday,0,0,0,0,0,0,123177,workday,1,43424
2024-01-23,Tuesday,0,0,994629,0,63360,0,0,workday,1,67072
2024-01-24,Wednesday,0,0,712663,0,63146,37143,0,workday,1,86144
2024-01-25,Thursday,664320,0,0,0,63426,0,174009,workday,1,82976
2024-01-26,Friday,929592,1273200,0,0,0,0,133031,workday,1,91648
2024-01-27,Saturday,950688,1336423,0,0,0,0,0,weekend,1,81744
2024-01-28,Sunday,947664,182023,0,0,0,0,0,weekend,1,103984
2024-01-29,Monday,86976,1341086,998606,0,0,0,0,workday,1,98464
2024-01-30,Tuesday,0,1419154,752949,0,0,26000,177375,workday,1,102944
2024-01-31,Wednesday,229560,1244194,0,0,49385,0,177375,workday,1,95920
2024-02-01,Thursday,927888,0,0,0,0,0,123177,workday,1,84928
2024-02-02,Friday,972168,0,0,0,0,0,0,workday,1,86336
2024-02-03,Saturday,964536,0,0,0,0,0,0,weekend,1,85360
2024-02-04,Sunday,942096,0,0,0,0,0,0,weekend,1,72656
2024-02-05,Monday,950736,0,994971,0,0,0,167521,workday,1,71632
2024-02-06,Tuesday,373032,1427280,997269,0,49077,0,177375,workday,1,97424
2024-02-07,Wednesday,0,1345714,998160,0,0,0,177375,workday,1,99216
2024-02-08,Thursday,409632,1365703,605246,0,0,0,0,workday,1,100624
2024-02-09,Friday,370104,275691,605040,0,0,0,127502,workday,1,125216
2024-02-10,Saturday,0,1374617,0,0,0,0,0,weekend,1,76256
2024-02-11,Sunday,0,1367074,0,0,0,0,0,weekend,1,81104
2024-02-12,Monday,0,235371,438411,0,0,0,182254,workday,1,85088
2024-02-13,Tuesday,0,0,0,402336,63171,52000,177375,workday,1,74944
2024-02-14,Wednesday,0,0,0,0,0,0,0,workday,0,42016
2024-02-15,Thursday,777288,0,0,619797,0,0,177375,workday,1,59696
2024-02-16,Friday,892656,1219783,0,619050,63039,37143,133031,workday,1,98672
2024-02-17,Saturday,939384,251829,0,0,0,0,0,weekend,1,108320
2024-02-18,Sunday,975792,0,0,0,0,0,0,weekend,1,86208
2024-02-19,Monday,943032,1139280,0,620837,0,0,184694,workday,1,109888
2024-02-20,Tuesday,838224,940389,0,619978,0,0,177375,workday,1,116064
2024-02-21,Wednesday,0,713074,0,620317,63335,0,59125,workday,1,119616
2024-02-22,Thursday,0,241954,0,205422,0,0,108396,workday,1,70784
2024-02-23,Friday,223584,0,0,0,0,0,133031,workday,1,74656
2024-02-24,Saturday,648120,977589,0,0,0,0,0,weekend,1,83296
2024-02-25,Sunday,1123440,0,0,0,0,0,0,weekend,1,97968
2024-02-26,Monday,943632,1059806,994697,0,0,0,157667,workday,1,97632
2024-02-27,Tuesday,658152,1350171,997406,0,63607,0,177375,workday,1,119184
2024-02-28,Wednesday,0,1348697,993874,0,0,0,174490,workday,1,119456
2024-02-29,Thursday,0,533794,995691,0,0,0,177375,workday,1,96480
2024-03-01,Friday,0,1004126,997680,0,63640,0,138724,workday,1,99376
2024-03-02,Saturday,0,512297,0,0,0,0,0,weekend,1,60736
2024-03-03,Sunday,0,0,0,0,0,0,0,weekend,0,48640
2024-03-04,Monday,0,1245497,0,0,0,0,169416,workday,1,75184
2024-03-05,Tuesday,824280,523543,109097,0,63344,0,177375,workday,1,78656
2024-03-06,Wednesday,274656,597943,1020823,0,63475,11143,177375,workday,1,119872
2024-03-07,Thursday,0,1315234,1068309,0,63376,0,177375,workday,1,106144
2024-03-08,Friday,692400,1349554,1067966,0,0,48038,154987,workday,1,110528
2024-03-09,Saturday,909720,1184434,741394,0,0,0,0,weekend,1,114336
2024-03-10,Sunday,225216,0,0,0,0,0,0,weekend,1,90256
2024-03-11,Monday,817344,0,0,619683,0,0,0,workday,1,83312
2024-03-12,Tuesday,897312,0,0,619299,0,0,199747,workday,1,83728
2024-03-13,Wednesday,0,1349040,0,0,49173,51752,206938,workday,1,77408
2024-03-14,Thursday,0,1341326,1065566,0,49138,0,206938,workday,1,114688
2024-03-15,Friday,0,700663,995006,0,49125,49771,126540,workday,1,90528
2024-03-16,Saturday,0,1138389,601543,0,0,0,0,weekend,1,111760
2024-03-17,Sunday,0,0,0,0,0,0,0,weekend,0,53248
2024-03-18,Monday,895968,0,0,621516,0,0,199366,workday,1,59536
2024-03-19,Tuesday,516408,0,0,621788,63278,53795,206938,workday,1,93616
2024-03-20,Wednesday,931608,0,0,0,63566,0,206938,workday,1,93328
2024-03-21,Thursday,939288,0,0,0,63294,0,206938,workday,1,103200
2024-03-22,Friday,964224,0,0,0,63590,44695,133031,workday,1,94256
2024-03-23,Saturday,954456,1269566,0,0,0,0,0,weekend,1,106720
2024-03-24,Sunday,832992,1287806,0,0,0,0,0,weekend,1,107248
2024-03-25,Monday,0,1265211,0,462505,63607,0,192483,workday,1,81904
2024-03-26,Tuesday,0,1087474,0,616493,63401,50390,108205,workday,1,90400
2024-03-27,Wednesday,0,1363371,0,459858,0,0,54102,workday,1,84240
2024-03-28,Thursday,0,1220057,992846,0,49200,13000,108205,workday,1,94672
2024-03-29,Friday,0,0,784046,0,0,25319,78577,workday,1,82352
2024-03-30,Saturday,0,0,0,0,0,0,236500,weekend,1,68384
2024-03-31,Sunday,0,0,0,0,0,0,0,weekend,0,53904
2024-04-01,Monday,0,1184606,0,0,63829,0,222340,workday,1,88560
2024-04-02,Tuesday,351960,1257909,989897,0,0,52000,206938,workday,1,122320
2024-04-03,Wednesday,795936,1328400,992743,0,63319,0,208201,workday,1,117232
2024-04-04,Thursday,778968,1199417,982046,0,63195,52000,206938,workday,1,121248
2024-04-05,Friday,933840,124800,0,0,63467,22286,133031,workday,1,119488
2024-04-06,Saturday,408384,0,0,0,0,0,0,weekend,1,74688
2024-04-07,Sunday,0,0,0,0,0,0,0,weekend,0,48016
2024-04-08,Monday,0,0,0,0,0,0,0,workday,0,29360
2024-04-09,Tuesday,0,0,0,0,0,0,0,workday,0,24736
2024-04-10,Wednesday,0,0,0,0,0,0,0,workday,0,24464
2024-04-11,Thursday,0,0,0,0,0,0,0,workday,0,23744
2024-04-12,Friday,0,0,0,0,0,0,0,workday,0,17600
2024-04-13,Saturday,0,0,0,0,0,0,0,weekend,0,25648
2024-04-14,Sunday,0,0,0,0,0,0,0,weekend,0,20432
2024-04-15,Monday,0,0,0,0,0,0,0,workday,0,30032
2024-04-16,Tuesday,0,0,0,0,0,0,0,workday,0,47552
2024-04-17,Wednesday,0,0,988114,0,0,0,206938,workday,1,79328
2024-04-18,Thursday,0,1340263,992880,0,0,50762,206938,workday,1,87184
2024-04-19,Friday,720024,1212789,0,0,0,17829,133031,workday,1,99152
2024-04-20,Saturday,955728,1135371,0,0,0,0,0,weekend,1,101168
2024-04-21,Sunday,958416,0,0,0,0,0,0,weekend,1,90656
2024-04-22,Monday,187224,0,0,620408,0,0,177375,workday,1,90480
2024-04-23,Tuesday,945480,1337897,0,619797,0,0,177375,workday,1,96608
2024-04-24,Wednesday,945696,1155703,0,619548,0,52990,177375,workday,1,117200
2024-04-25,Thursday,554616,0,0,619502,0,0,206650,workday,1,101856
2024-04-26,Friday,533064,1343314,0,459518,0,51752,127502,workday,1,96800
2024-04-27,Saturday,0,0,0,460243,0,0,0,weekend,1,79968
2024-04-28,Sunday,930072,1422171,0,0,0,0,0,weekend,1,93360
2024-04-29,Monday,856992,1418297,0,0,0,0,180039,workday,1,115936
2024-04-30,Tuesday,718872,1398720,0,0,0,22286,206938,workday,1,70304
2024-05-01,Wednesday,0,1392617,0,0,0,0,0,workday,1,106224
2024-05-02,Thursday,0,393806,984377,0,63689,52000,206938,workday,1,87216
2024-05-03,Friday,0,1332034,992126,0,0,0,133031,workday,1,92496
2024-05-04,Saturday,0,1384903,0,0,0,44324,0,weekend,1,111376
2024-05-05,Sunday,0,1136331,0,0,0,0,0,weekend,1,51424
2024-05-06,Monday,21720,1384114,390069,0,0,0,207339,workday,1,110448
2024-05-07,Tuesday,933336,793097,991371,0,0,0,206938,workday,1,123648
2024-05-08,Wednesday,948744,1324457,992400,0,0,0,206938,workday,1,131248
2024-05-09,Thursday,958344,0,992400,0,0,0,206938,workday,1,112256
2024-05-10,Friday,885096,0,780240,0,0,26000,133031,workday,1,89120
2024-05-11,Saturday,944856,1077874,990137,0,0,0,0,weekend,1,84336
2024-05-12,Sunday,580584,0,0,0,0,0,0,weekend,1,104832
2024-05-13,Monday,0,1363886,0,620883,0,22038,206938,workday,1,118080
2024-05-14,Tuesday,0,1373006,0,621041,0,0,206938,workday,1,82160
2024-05-15,Wednesday,0,1150526,0,619842,0,17581,206938,workday,1,106176
2024-05-16,Thursday,920712,0,0,620543,0,34419,206938,workday,1,96400
2024-05-17,Friday,794544,0,0,620159,0,0,138359,workday,1,92240
2024-05-18,Saturday,956640,0,0,0,0,52000,0,weekend,1,81904
2024-05-19,Sunday,962232,0,0,0,0,0,0,weekend,1,86320
2024-05-20,Monday,957480,0,0,0,0,0,182302,workday,1,67248
2024-05-21,Tuesday,809040,1382297,0,0,0,0,206938,workday,1,94576
2024-05-22,Wednesday,0,1335154,0,0,0,0,206842,workday,1,106224
2024-05-23,Thursday,0,1196983,0,0,0,0,0,workday,1,80272
2024-05-24,Friday,0,0,0,0,0,58129,126540,workday,1,105488
2024-05-25,Saturday,0,214663,0,0,0,30519,0,weekend,1,63696
2024-05-26,Sunday,963720,1254274,0,0,0,0,0,weekend,1,86128
2024-05-27,Monday,954696,0,375497,0,0,0,193718,workday,1,80880
2024-05-28,Tuesday,969768,1128034,306823,0,0,0,206938,workday,1,120592
2024-05-29,Wednesday,966768,1349246,345874,0,0,0,177375,workday,1,105696
2024-05-30,Thursday,912600,1263531,0,0,0,36895,177375,workday,1,135488
2024-05-31,Friday,500640,0,378240,0,0,0,133031,workday,1,112880
2024-06-01,Saturday,0,0,0,0,0,52248,0,weekend,1,73536
2024-06-02,Sunday,0,0,0,0,0,0,0,weekend,0,53808
2024-06-03,Monday,945912,1318560,377349,205513,63500,0,177375,workday,1,104256
2024-06-04,Tuesday,302040,283440,379406,204675,0,0,177375,workday,1,129776
2024-06-05,Wednesday,0,1352434,382011,205739,63080,52000,177375,workday,1,91360
2024-06-06,Thursday,0,1316057,378926,205535,63212,0,177375,workday,1,103312
2024-06-07,Friday,952152,230057,335211,206011,0,52000,154987,workday,1,110464
2024-06-08,Saturday,918216,0,292011,0,0,0,0,weekend,1,73808
2024-06-09,Sunday,166536,0,0,0,0,0,0,weekend,1,83520
2024-06-10,Monday,915840,0,0,206146,0,0,177375,workday,1,84864
2024-06-11,Tuesday,929880,0,0,206259,0,52000,177375,workday,1,98832
2024-06-12,Wednesday,598128,0,989006,205716,0,0,172448,workday,1,95760
2024-06-13,Thursday,0,1251703,993497,206237,0,52000,177375,workday,1,95040
2024-06-14,Friday,0,1205006,994491,206101,0,0,133031,workday,1,96080
2024-06-15,Saturday,0,1245943,0,0,49275,52000,0,weekend,1,105552
2024-06-16,Sunday,0,0,0,0,0,0,0,weekend,0,59984
2024-06-17,Monday,0,0,0,0,0,0,0,workday,0,40064
2024-06-18,Tuesday,0,0,986606,204743,48871,0,0,workday,1,56672
2024-06-19,Wednesday,0,0,995314,203544,0,52000,177375,workday,1,80864
2024-06-20,Thursday,0,0,940731,205648,63360,0,177375,workday,1,71168
2024-06-21,Friday,0,0,0,206373,63360,52000,0,workday,1,80448
2024-06-22,Saturday,0,0,0,0,0,0,0,weekend,0,65824
2024-06-23,Sunday,0,0,0,0,0,0,0,weekend,0,43008
2024-06-24,Monday,0,0,0,206146,0,0,177375,workday,1,64912
2024-06-25,Tuesday,0,0,236366,205626,0,0,172448,workday,1,50368
2024-06-26,Wednesday,0,0,625337,206463,0,52000,177375,workday,1,67600
2024-06-27,Thursday,0,0,0,205965,0,0,174009,workday,1,79024
2024-06-28,Friday,0,0,624343,207097,0,52093,126286,workday,1,87744
2024-06-29,Saturday,0,0,0,0,0,0,0,weekend,0,79296
2024-06-30,Sunday,0,0,0,0,0,0,0,weekend,0,51056
2024-07-01,Monday,891792,1337554,381771,207006,0,0,0,workday,1,97072
2024-07-02,Tuesday,980712,1400126,484971,207006,63426,52000,179902,workday,1,125360
2024-07-03,Wednesday,958728,1196914,0,206124,0,0,177375,workday,1,141104
2024-07-04,Thursday,979272,529474,989486,206282,63302,52000,0,workday,1,131840
2024-07-05,Friday,975288,1382263,991303,205762,63475,26000,133031,workday,1,132400
2024-07-06,Saturday,969408,1199246,0,0,0,0,0,weekend,1,95776
2024-07-07,Sunday,543408,757200,0,0,0,0,0,weekend,1,94880
2024-07-08,Monday,0,0,0,206146,0,0,177375,workday,1,92640
2024-07-09,Tuesday,0,1409349,989726,205920,49008,59676,177375,workday,1,97344
2024-07-10,Wednesday,945696,1329874,987943,205807,48501,0,177375,workday,1,121776
2024-07-11,Thursday,707520,1367280,0,206101,0,51752,177375,workday,1,123456
2024-07-12,Friday,972312,1373349,0,206259,0,22286,133031,workday,1,81328
2024-07-13,Saturday,913656,1366046,0,0,0,0,0,weekend,1,142704
2024-07-14,Sunday,0,477497,0,0,0,0,0,weekend,1,111232
2024-07-15,Monday,0,0,0,206463,0,0,177375,workday,1,56480
2024-07-16,Tuesday,0,0,591223,206870,63294,52248,177375,workday,1,64224
2024-07-17,Wednesday,0,276686,624857,206237,63344,0,177375,workday,1,78528
2024-07-18,Thursday,0,1390971,485554,206644,0,52000,177375,workday,1,112336
2024-07-19,Friday,898512,860297,0,206259,0,25505,133031,workday,1,110336
2024-07-20,Saturday,286272,1367143,0,0,0,0,0,weekend,1,112192
2024-07-21,Sunday,967848,1151349,0,0,0,0,0,weekend,1,89632
2024-07-22,Monday,917160,0,0,0,63508,0,173288,workday,1,103616
2024-07-23,Tuesday,879864,0,626469,0,0,26000,177375,workday,1,89552
2024-07-24,Wednesday,925488,1258629,624171,0,0,0,177375,workday,1,98672
2024-07-25,Thursday,0,429634,628834,0,0,52000,0,workday,1,106384
2024-07-26,Friday,0,0,462000,0,63376,0,206938,workday,1,98336
2024-07-27,Saturday,0,0,0,0,0,47048,0,weekend,1,78864
2024-07-28,Sunday,968784,1322366,0,0,0,0,0,weekend,1,105264
2024-07-29,Monday,944112,1411440,0,0,0,0,177183,workday,1,125088
2024-07-30,Tuesday,973920,1246937,982903,0,0,52248,172448,workday,1,121360
2024-07-31,Wednesday,608208,1107257,981120,0,0,0,177375,workday,1,137968
2024-08-01,Thursday,0,1295760,980914,0,63566,52000,177375,workday,1,105376
2024-08-02,Friday,0,1350171,630891,0,0,0,133031,workday,1,101728
2024-08-03,Saturday,949344,972446,0,0,0,52000,0,weekend,1,83776
2024-08-04,Sunday,799344,0,0,0,0,0,0,weekend,1,104800
2024-08-05,Monday,837600,0,0,0,0,0,177375,workday,1,94960
2024-08-06,Tuesday,0,0,985954,0,63376,0,177375,workday,1,92864
2024-08-07,Wednesday,0,1012526,990000,201055,0,51505,177375,workday,1,94064
2024-08-08,Thursday,0,1318663,989589,205626,63566,0,179373,workday,1,91392
2024-08-09,Friday,0,551829,0,184174,0,52000,133031,workday,1,121024
2024-08-10,Saturday,0,1419909,0,0,0,0,0,weekend,1,85968
2024-08-11,Sunday,0,307851,0,0,0,0,0,weekend,1,81168
2024-08-12,Monday,940656,787851,541097,0,0,0,204537,workday,1,94592
2024-08-13,Tuesday,978984,0,611794,206735,0,25752,177375,workday,1,97632
2024-08-14,Wednesday,511848,1317771,689040,205015,63187,0,177375,workday,1,163888
2024-08-15,Thursday,961848,341486,381840,205784,60019,37638,177375,workday,1,99872
2024-08-16,Friday,0,1146377,627909,206327,0,11143,133031,workday,1,111728
2024-08-17,Saturday,0,0,344743,0,0,0,0,weekend,1,79568
2024-08-18,Sunday,0,0,0,0,0,0,0,weekend,0,72688
2024-08-19,Monday,0,1182789,626126,206146,0,20552,196857,workday,1,102352
2024-08-20,Tuesday,0,1408766,626229,205852,48823,0,177375,workday,1,74320
2024-08-21,Wednesday,0,1315817,626537,206078,48693,52000,177375,workday,1,141648
2024-08-22,Thursday,0,1385451,567017,205105,0,0,177375,workday,1,88704
2024-08-23,Friday,0,1365771,658251,205241,0,44571,133031,workday,1,105792
2024-08-24,Saturday,937296,1208400,0,0,0,0,0,weekend,1,129088
2024-08-25,Sunday,938328,0,0,0,0,0,0,weekend,1,114080
2024-08-26,Monday,940152,0,0,0,0,52495,206650,workday,1,103584
2024-08-27,Tuesday,0,0,974571,206327,0,0,177375,workday,1,84560
2024-08-28,Wednesday,977952,0,983006,206554,0,52248,177375,workday,1,109792
2024-08-29,Thursday,977760,0,383520,206192,0,0,177375,workday,1,115856
2024-08-30,Friday,895704,0,0,0,0,52000,0,workday,1,102640
2024-08-31,Saturday,0,0,0,0,0,0,0,weekend,0,61376
2024-09-01,Sunday,0,1363234,0,0,0,0,0,weekend,1,69248
2024-09-02,Monday,953856,1385794,0,205897,0,51257,137194,workday,1,126288
2024-09-03,Tuesday,308304,1393886,982697,254006,63623,0,177375,workday,1,130560
2024-09-04,Wednesday,0,924069,0,0,0,59429,180705,workday,1,87280
2024-09-05,Thursday,0,0,0,0,63525,0,177375,workday,1,84256
2024-09-06,Friday,921936,0,983760,253870,63574,59429,133031,workday,1,92704
2024-09-07,Saturday,935208,0,0,0,0,0,0,weekend,1,95328
2024-09-08,Sunday,964896,1358194,0,0,0,0,0,weekend,1,83872
2024-09-09,Monday,966384,1005463,989691,206418,0,0,177375,workday,1,118560
2024-09-10,Tuesday,974736,1367314,993257,205988,63566,52000,177375,workday,1,131296
2024-09-11,Wednesday,339264,0,733166,205196,63212,0,177375,workday,1,163744
2024-09-12,Thursday,416496,766423,742217,0,63311,59305,177375,workday,1,85440
2024-09-13,Friday,0,0,0,0,0,29714,0,workday,1,89136
2024-09-14,Saturday,0,0,0,0,0,0,0,weekend,0,48912
2024-09-15,Sunday,0,0,0,0,0,0,0,weekend,0,44240
2024-09-16,Monday,0,0,23794,0,0,0,0,workday,1,57840
2024-09-17,Tuesday,0,1042149,583577,254323,0,59429,177375,workday,1,85408
2024-09-18,Wednesday,0,1313383,625440,254323,48487,0,177375,workday,1,95296
2024-09-19,Thursday,0,1356000,629451,254141,0,59367,177375,workday,1,96816
2024-09-20,Friday,594528,1225371,626709,253689,0,0,133031,workday,1,111040
2024-09-21,Saturday,918864,1054011,350846,0,0,0,0,weekend,1,143968
2024-09-22,Sunday,894864,324377,0,0,0,0,0,weekend,1,113744
2024-09-23,Monday,839568,403954,0,254164,0,0,177375,workday,1,66544
2024-09-24,Tuesday,309600,0,381154,0,0,0,177375,workday,1,113728
2024-09-25,Wednesday,600864,0,384206,0,63311,52000,170884,workday,1,110784
2024-09-26,Thursday,89616,1363543,238389,0,63574,0,177375,workday,1,99824
2024-09-27,Friday,0,1406503,242811,0,0,52000,160997,workday,1,106304
2024-09-28,Saturday,0,1312114,630103,0,0,0,0,weekend,1,109888
2024-09-29,Sunday,0,1283349,0,0,0,0,0,weekend,1,90256
2024-09-30,Monday,0,495531,0,0,63418,0,175701,workday,1,98464
2024-10-01,Tuesday,625944,1214503,0,0,63516,0,171486,workday,1,98752
2024-10-02,Wednesday,895344,0,0,0,63442,52000,152740,workday,1,109520
2024-10-03,Thursday,959328,1313486,0,0,63615,22286,142885,workday,1,80064
2024-10-04,Friday,948120,1357611,0,0,63623,0,93615,workday,1,143936
2024-10-05,Saturday,958032,107554,373200,0,0,0,0,weekend,1,107440
2024-10-06,Sunday,981024,0,422297,0,0,0,0,weekend,1,107920
2024-10-07,Monday,805584,0,362743,0,0,0,177375,workday,1,104880
2024-10-08,Tuesday,0,172251,420137,0,0,59429,177375,workday,1,100768
2024-10-09,Wednesday,0,0,312617,0,0,0,177375,workday,1,13760
2024-10-10,Thursday,851304,311109,0,0,43269,59429,88688,workday,1,208240
2024-10-11,Friday,173904,1046880,0,0,41301,0,0,workday,1,106416
2024-10-12,Saturday,1387824,271680,287657,0,0,59119,0,weekend,1,75824
2024-10-13,Sunday,913056,1219646,0,0,0,0,0,weekend,1,146528
2024-10-14,Monday,953064,0,0,0,0,0,177375,workday,1,93168
2024-10-15,Tuesday,0,1257977,0,413763,0,44819,177375,workday,1,98304
2024-10-16,Wednesday,960600,1280503,0,414307,0,44324,177375,workday,1,100144
2024-10-17,Thursday,190536,1351954,0,206440,0,29219,177375,workday,1,108096
2024-10-18,Friday,0,1234286,0,206350,0,45314,154987,workday,1,70592
2024-10-19,Saturday,962472,1280537,0,0,0,0,0,weekend,1,96208
2024-10-20,Sunday,925392,962743,0,0,0,0,0,weekend,1,86960
2024-10-21,Monday,865224,513977,0,0,0,0,177375,workday,1,131120
2024-10-22,Tuesday,955248,546754,0,413899,0,25010,177375,workday,1,97120
2024-10-23,Wednesday,977232,0,0,414058,0,0,170851,workday,1,93040
2024-10-24,Thursday,963336,1349931,0,414442,0,32933,0,workday,1,115472
2024-10-25,Friday,581952,907269,0,0,0,14857,0,workday,1,126016
2024-10-26,Saturday,0,561017,0,0,0,0,0,weekend,1,92912
2024-10-27,Sunday,823008,578709,0,0,0,52743,0,weekend,1,96496
2024-10-28,Monday,970752,537291,0,0,0,58438,171605,workday,1,87232
2024-10-29,Tuesday,955800,577371,0,0,0,58933,180705,workday,1,149776
2024-10-30,Wednesday,1538784,1127040,0,1243214,0,58190,177375,workday,1,111920
2024-10-31,Thursday,505728,577783,0,617149,0,63143,177375,workday,1,111280